<core:FragmentDefinition xmlns="sap.m" xmlns:core="sap.ui.core" xmlns:form="sap.ui.layout.form" id="checkOut">
	<Dialog class="sapUiSizeCompact iopPowerBiDialogClass" id="powerBiDialog" horizontalScrolling="false"
		verticalScrolling="{dashBoardModel>/isFracMonitoring}" contentWidth="{dashBoardModel>/screenSize/powerBIWidth}" draggable="true"
		stretch="false" afterOpen="afterPoweBiPopupOpen" contentHeight="{dashBoardModel>/screenSize/powerBIHeight}">
		<VBox class="fragment2">
			<Label text="Enter your mobile number"></Label>
			<Input value="" type="Number" class="num" id="phoneNumber" maxLength="10"/>
			<Button text="submit" type="Transparent" press="onCheckSubmit" class="but"></Button>
		</VBox>
		<VBox >
			<core:HTML content="&lt;div id=&quot;embedContainer&quot;width=&quot;100%&quot; height=&quot;100%&quot;&gt; &lt;/div&gt;"></core:HTML>
		</VBox>
	</Dialog>
</core:FragmentDefinition>