<core:FragmentDefinition xmlns="sap.m" xmlns:core="sap.ui.core" xmlns:form="sap.ui.layout.form" id="myFrag">
	<Dialog class="sapUiSizeCompact iopPowerBiDialogClass" id="powerBiDialog" horizontalScrolling="false"
		verticalScrolling="{dashBoardModel>/isFracMonitoring}" contentWidth="{dashBoardModel>/screenSize/powerBIWidth}" title="Trends"
		draggable="true" stretch="false" afterOpen="afterPoweBiPopupOpen" contentHeight="{dashBoardModel>/screenSize/powerBIHeight}">
		<VBox class="xyz">
			<VBox>
				<VBox class="fragment"><Label text="Log in" class="la"/></VBox>
				<HBox>
					<core:Icon src="sap-icon://customer" class="i" color="#031E48"></core:Icon>
					<Input value="" id="uName" placeholder="username" type="Email" class="in" width="170%"/>
				</HBox>
				<HBox>
					<core:Icon src="sap-icon://locked" color="#031E48" class="i"></core:Icon>
					<Input value="" placeholder="password" type="Password" maxLength="15" id="passWord" class="in1" width="170%"/>
				</HBox>
				<HBox class="l">
					<Label text="forget username, password? "></Label>
				</HBox>
				<HBox class="s">
					<Button text="submit" type="Transparent" press="onPageNav" class="sb"></Button>
				</HBox>
			</VBox>
			<VBox >
				<core:HTML content="&lt;div id=&quot;embedContainer&quot;width=&quot;100%&quot; height=&quot;100%&quot;&gt; &lt;/div&gt;"></core:HTML>
			</VBox>
		</VBox>
	</Dialog>
</core:FragmentDefinition>