<core:FragmentDefinition xmlns="sap.m" xmlns:core="sap.ui.core" xmlns:form="sap.ui.layout.form" id="thankyou">
	<Dialog class="sapUiSizeCompact iopPowerBiDialogClass" id="powerBiDialog" horizontalScrolling="false"
		verticalScrolling="{dashBoardModel>/isFracMonitoring}" contentWidth="{dashBoardModel>/screenSize/powerBIWidth}" draggable="true"
		stretch="false" afterOpen="afterPoweBiPopupOpen" contentHeight="{dashBoardModel>/screenSize/powerBIHeight}">
		<VBox class="fagment3">
			<VBox>
				<VBox >
					<VBox class="c">
					<core:Icon src="sap-icon://sys-enter"  color="green"></core:Icon>
					</VBox>
					<VBox class="t">
						<Label text="Thanks, your number has been verified," class="d"></Label>
						<Label text="now sit back and relax while your host come and receives you." class="d"></Label>
					</VBox>
				</VBox>
			</VBox>
		</VBox>
	</Dialog>
</core:FragmentDefinition>