<core:FragmentDefinition xmlns="sap.m" xmlns:core="sap.ui.core" xmlns:form="sap.ui.layout.form" id="customerforgrtpass">
	<Dialog class="sapUiSizeCompact iopPowerBiDialogClass" id="powerBiDialog" horizontalScrolling="false"
		verticalScrolling="{dashBoardModel>/isFracMonitoring}" contentWidth="{dashBoardModel>/screenSize/powerBIWidth}" draggable="true"
		stretch="false" afterOpen="afterPoweBiPopupOpen" contentHeight="{dashBoardModel>/screenSize/powerBIHeight}">
		<VBox>
			<HBox>
				<Label text="Forget Password?" class="ftitle2"></Label>
			</HBox>
			<HBox class="input_12">
				<Input value="" id="Email" placeholder="Email" type="Email" width="140%" maxLength="30"/>
			</HBox>
			<HBox class="input_12">
				<Input value="" id="newpassword" placeholder="New Password" type="Password" width="140%" maxLength="30"/>
			</HBox>
			<HBox class="input_21">
				<Input value="" placeholder="Confirm Password" type="Password" maxLength="15" id="newconfirmpassword" width="140%"/>
			</HBox>
			<HBox class="FButton_12">
				<Button text="change password" type="Transparent" press="onForgetPassword" class="Fbutton1" width="200%"></Button>
			</HBox>
		</VBox>
		<VBox >
			<core:HTML content="&lt;div id=&quot;embedContainer&quot;width=&quot;100%&quot; height=&quot;100%&quot;&gt; &lt;/div&gt;"></core:HTML>
		</VBox>
	</Dialog>
</core:FragmentDefinition>