<core:FragmentDefinition xmlns="sap.m" xmlns:core="sap.ui.core" xmlns:form="sap.ui.layout.form" id="customerLogin">
	<Dialog class="sapUiSizeCompact iopPowerBiDialogClass" id="powerBiDialog" horizontalScrolling="false"
		verticalScrolling="{dashBoardModel>/isFracMonitoring}" contentWidth="{dashBoardModel>/screenSize/powerBIWidth}" draggable="true"
		stretch="false" afterOpen="afterPoweBiPopupOpen" contentHeight="{dashBoardModel>/screenSize/powerBIHeight}">
		<VBox>
			<HBox>
				<Label text="Login" class="ftitle1"></Label>
			</HBox>
			<HBox>
				<core:Icon src="sap-icon://customer" class="icon_1"></core:Icon>
				<Input value="" id="uName" placeholder="username" type="Email" width="140%" class="input_1" maxLength="30"/>
			</HBox>
			<HBox>
				<core:Icon src="sap-icon://locked" color="#031E48" class="icon2"></core:Icon>
				<Input value="" placeholder="password" type="Password" maxLength="15" id="passWord" width="140%" class="input_2"/>
			</HBox>
			<HBox class="FButton_1">
				<Button text="submit" type="Transparent" press="onCustomerLogin" class="Fbutton1" width="400%"></Button>
			</HBox>
			<HBox class="Flable">
				<Button text="New user? Sign up." type="Transparent" press="onSignup"/>
			</HBox>
			<HBox class="Flable">
				<Button text="Forget Password?" type="Transparent" press="onForget"/>
			</HBox>
		</VBox>
		<VBox >
			<core:HTML content="&lt;div id=&quot;embedContainer&quot;width=&quot;100%&quot; height=&quot;100%&quot;&gt; &lt;/div&gt;"></core:HTML>
		</VBox>
	</Dialog>
</core:FragmentDefinition>