<core:FragmentDefinition xmlns="sap.m" xmlns:core="sap.ui.core" xmlns:form="sap.ui.layout.form" id="customerorder">
	<Dialog class="sapUiSizeCompact iopPowerBiDialogClass" id="powerBiDialog" horizontalScrolling="false"
		verticalScrolling="{dashBoardModel>/isFracMonitoring}" contentWidth="{dashBoardModel>/screenSize/powerBIWidth}" draggable="true"
		stretch="false" afterOpen="afterPoweBiPopupOpen" contentHeight="{dashBoardModel>/screenSize/powerBIHeight}">
		<VBox class="fragment">
			<HBox>
				<Label text="Order Summery" class="ftitleHeader"></Label>
			</HBox>
			<VBox>
				<HBox>
					<Text text="Item Name" class="tabelHeader"/>
					<Text text="Price" class="tabelHeader"/>
					<Text text="Quantitry" class="tabelHeader"/></HBox>
				<Table items="{/modelData}">
					<columns >
						<Column hAlign="Center" vAlign="Middle"></Column>
						<Column hAlign="Center" vAlign="Middle"></Column>
						<Column hAlign="Center" vAlign="Middle"></Column>
					</columns>
					<items>
						<ColumnListItem>
							<cells><Text text="{itemName}" class="cellItems"/></cells>
							<cells><Text text="{itemPrice}" class="cellItems"/></cells>
							<cells><Text text="{quantity}" class="cellItems"/></cells>
						</ColumnListItem>
					</items>
				</Table>
				<HBox>
					<HBox>
						<Text text="Total price" class="tabelTotal"/></HBox>
					<HBox class="total">
						<Table class="totalPrice" items="{/modelData}" >
							<columns>
								<Column hAlign="Center" vAlign="Middle" mergeDuplicates="true"  ></Column>
							</columns>
							<items>
								<ColumnListItem>
									<cells><Text text="{price}"/></cells>
								</ColumnListItem>
							</items>
						</Table>
					</HBox>
				</HBox>
			</VBox>
			<HBox class="input">
				<Label text="Delivery Address :" class="input2"></Label>
				<Input value="" placeholder="Address" type="Text" maxLength="40" id="DeliveryAddress" width="58%" class="input3"/>
			</HBox>
			<HBox class="input">
				<Input value="" placeholder="Landmark" type="Text" maxLength="40" id="DeliveryAddress1" width="58%" class="input3"/>
			</HBox>
			<HBox class="FButtonconfirm">
				<Button text="Confirm Order" type="Transparent" press="onOrder" class="FbuttonConfirm" width="400%"></Button>
			</HBox>
		</VBox>
	</Dialog>
</core:FragmentDefinition>