<core:FragmentDefinition xmlns="sap.m" xmlns:core="sap.ui.core" xmlns:form="sap.ui.layout.form" id="customerSignup">
	<Dialog class="sapUiSizeCompact iopPowerBiDialogClass" id="powerBiDialog" horizontalScrolling="false"
		verticalScrolling="{dashBoardModel>/isFracMonitoring}" contentWidth="{dashBoardModel>/screenSize/powerBIWidth}" draggable="true"
		stretch="false" afterOpen="afterPoweBiPopupOpen" contentHeight="{dashBoardModel>/screenSize/powerBIHeight}">
		<VBox class="fragment">
			<HBox>
				<Label text="Sign up" class="ftitle"></Label>
			</HBox>
			<HBox class="input">
				<Label text="Name :" class="input2 in1"></Label>
				<Input value="" id="UserName" placeholder="username" type="Email" width="58%" class="input3" maxLength="30"/>
			</HBox>
			<HBox class="input">
				<Label text="Phone number :" class="input2 in2"></Label>
				<Input value="" placeholder="Phone number" type="Number" maxLength="15" id="userphoneNumber" width="58%" class="input3" />
			</HBox>
			<HBox class="input">
				<Label text="Email id :" class="input2 in3"></Label>
				<Input value="" id="userEmail" placeholder="Email id" type="Email" width="58%" class="input3" maxLength="30"/>
			</HBox>
			<HBox class="input">
				<Label text="Address :" class="input2 in4"></Label>
				<Input value="" placeholder="Address" type="Text" id="userAddress" width="58%" class="input3" maxLength="50"/>
			</HBox>
			<HBox class="input">
				<Label text="Password :" class="input2 in5"></Label>
				<Input value="" id="Userpassword" placeholder="Password" type="Password" maxLength="15" width="58%" class="input3" />
			</HBox>
			<HBox class="input">
				<Label text="Confirm password :" class="input2"></Label>
				<Input value="" placeholder="Confirm password" type="Password" maxLength="15" id="ConfirmPassword" width="58%" class="input3"/>
			</HBox>
			<HBox class="FButton2">
				<Button text="submit" type="Transparent" press="onCSubmit" class="Fbutton1" width="400%"></Button>
			</HBox>
		</VBox>
		<VBox >
			<core:HTML content="&lt;div id=&quot;embedContainer&quot;width=&quot;100%&quot; height=&quot;100%&quot;&gt; &lt;/div&gt;"></core:HTML>
		</VBox>
	</Dialog>
</core:FragmentDefinition>